昵称,姓名,手机号码,渠道,提交时间,来源
奥雷里亚诺,x,13094241515,今日头条/抖音,"2020-09-17 11:04:53","操作指导 | 五分钟搭建机构录播平台"
奥雷里亚诺,x,13094241515,知乎,"2020-09-15 11:04:53","操作指导 | 五分钟搭建机构录播平台"
奥雷里亚诺,x,13094241515,知乎,"2020-09-15 11:04:53","操作指导 | 五分钟搭建机构录播平台"
奥雷里亚诺,x,13094241515,公众号,"2020-09-15 11:04:53","操作指导 | 五分钟搭建机构录播平台"
奥雷里亚诺,x,13094241515,公众号,"2020-09-15 11:04:53","操作指导 | 五分钟搭建机构录播平台"
奥雷里亚诺,x,13094241515,公众号,"2020-09-15 11:04:53","操作指导 | 五分钟搭建机构录播平台"
奥雷里亚诺,x,13094241515,公众号,"2020-09-15 11:04:53","操作指导 | 五分钟搭建机构录播平台"
奥雷里亚诺,x,13094241515,公众号,"2020-09-15 11:04:53","操作指导 | 五分钟搭建机构录播平台"
奥雷里亚诺,x,13094241515,朋友圈,"2020-09-15 11:04:53","操作指导 | 五分钟搭建机构录播平台"
奥雷里亚诺,x,13094241515,公众号,"2020-09-15 11:04:53","操作指导 | 五分钟搭建机构录播平台"
奥雷里亚诺,x,13094241515,朋友圈,"2020-09-15 11:04:53","操作指导 | 五分钟搭建机构录播平台"
奥雷里亚诺,x,13094241515,朋友圈,"2020-09-15 11:04:53","操作指导 | 五分钟搭建机构录播平台"
奥雷里亚诺,x,13094241515,朋友圈,"2020-09-15 11:04:53","操作指导 | 五分钟搭建机构录播平台"
奥雷里亚诺,x,13094241515,知乎,"2020-09-15 11:04:53","操作指导 | 五分钟搭建机构录播平台"
奥雷里亚诺,x,13094241515,朋友圈,"2020-09-15 11:04:53","操作指导 | 五分钟搭建机构录播平台"
奥雷里亚诺,x,13094241515,今日头条/抖音,"2020-09-15 11:04:53","操作指导 | 五分钟搭建机构录播平台"
奥雷里亚诺,x,13094241515,今日头条/抖音,"2020-09-15 11:04:53","操作指导 | 五分钟搭建机构录播平台"
奥雷里亚诺,x,13094241515,今日头条/抖音,"2020-09-15 11:04:53","操作指导 | 五分钟搭建机构录播平台"
奥雷里亚诺,x,13094241515,今日头条/抖音,"2020-09-15 11:04:53","操作指导 | 五分钟搭建机构录播平台"
奥雷里亚诺,x,13094241515,其他,"2020-09-16 11:04:53","操作指导 | 五分钟搭建机构录播平台"
奥雷里亚诺,x,13094241515,其他,"2020-09-16 11:04:53","操作指导 | 五分钟搭建机构录播平台"
奥雷里亚诺,x,13094241515,其他,"2020-09-16 11:04:53","操作指导 | 五分钟搭建机构录播平台"
奥雷里亚诺,x,13094241515,其他,"2020-09-16 11:04:53","操作指导 | 五分钟搭建机构录播平台"
奥雷里亚诺,x,13094241515,公众号,"2020-09-16 11:04:53","操作指导 | 五分钟搭建机构录播平台"
奥雷里亚诺,x,13094241515,公众号,"2020-09-16 11:04:53","操作指导 | 五分钟搭建机构录播平台"
奥雷里亚诺,x,13094241515,朋友圈,"2020-09-15 11:04:53","操作指导 | 五分钟搭建机构录播平台"
奥雷里亚诺,x,13094241515,公众号,"2020-09-16 11:04:53","操作指导 | 五分钟搭建机构录播平台"
奥雷里亚诺,x,13094241515,朋友圈,"2020-09-15 11:04:53","操作指导 | 五分钟搭建机构录播平台"
奥雷里亚诺,x,13094241515,朋友圈,"2020-09-19 11:04:53","操作指导 | 五分钟搭建机构录播平台"
奥雷里亚诺,x,13094241515,朋友圈,"2020-09-19 11:04:53","操作指导 | 五分钟搭建机构录播平台"
奥雷里亚诺,x,13094241515,知乎,"2020-09-17 11:04:53","操作指导 | 五分钟搭建机构录播平台"
奥雷里亚诺,x,13094241515,朋友圈,"2020-09-17 11:04:53","操作指导 | 五分钟搭建机构录播平台"
奥雷里亚诺,x,13094241515,今日头条/抖音,"2020-09-17 11:04:53","操作指导 | 五分钟搭建机构录播平台"
奥雷里亚诺,x,13094241515,今日头条/抖音,"2020-09-17 11:04:53","操作指导 | 五分钟搭建机构录播平台"
奥雷里亚诺,x,13094241515,今日头条/抖音,"2020-09-17 11:04:53","操作指导 | 五分钟搭建机构录播平台"
奥雷里亚诺,x,13094241515,今日头条/抖音,"2020-09-17 11:04:53","操作指导 | 五分钟搭建机构录播平台"
奥雷里亚诺,x,13094241515,其他,"2020-09-16 11:04:53","操作指导 | 五分钟搭建机构录播平台"
奥雷里亚诺,x,13094241515,其他,"2020-09-16 11:04:53","操作指导 | 五分钟搭建机构录播平台"
奥雷里亚诺,x,13094241515,其他,"2020-09-16 11:04:53","操作指导 | 五分钟搭建机构录播平台"
奥雷里亚诺,x,13094241515,其他,"2020-09-16 11:04:53","操作指导 | 五分钟搭建机构录播平台"
奥雷里亚诺,x,13094241515,其他,"2020-09-18 11:04:53","操作指导 | 五分钟搭建机构录播平台"
奥雷里亚诺,x,13094241515,其他,"2020-09-18 11:04:53","操作指导 | 五分钟搭建机构录播平台"
奥雷里亚诺,x,13094241515,其他,"2020-09-18 11:04:53","操作指导 | 五分钟搭建机构录播平台"
奥雷里亚诺,x,13094241515,其他,"2020-09-18 11:04:53","操作指导 | 五分钟搭建机构录播平台"
奥雷里亚诺,x,13094241515,其他,"2020-09-19 11:04:53","操作指导 | 五分钟搭建机构录播平台"
奥雷里亚诺,x,13094241515,其他,"2020-09-19 11:04:53","操作指导 | 五分钟搭建机构录播平台"
奥雷里亚诺,x,13094241515,其他,"2020-09-19 11:04:53","操作指导 | 五分钟搭建机构录播平台"